St. Louis:STLO Crow Wing:CROW Cass:CASS Aitkin:AITK Carlton:CARL Pine:PINE Mille Lacs:MILL 

